utc,notebook,kernel,git_commit,state,minutes
2026-09-02T21:47:47+00:00,nb00_probe,arifshekh/fd-nb00-probe,670d70a,complete,1.6
2026-09-02T21:56:12+00:00,nb00_probe,arifshekh/fd-nb00-probe,670d70a,complete,7.0
2026-09-02T22:07:36+00:00,nb00_probe,arifshekh/fd-nb00-probe,c0e6d6e,complete,5.4
2026-09-02T22:07:46+00:00,nb00_probe,arifshekh/fd-nb00-probe,c0e6d6e,complete,2.4
2026-09-02T22:13:23+00:00,nb00_probe,arifshekh/fd-nb00-probe,c0e6d6e,error,0.8
2026-09-02T22:16:55+00:00,nb00_probe,arifshekh/fd-nb00-probe,c0e6d6e,complete,2.4
2026-09-02T22:22:34+00:00,nb01_preprocess,arifshekh/fd-nb01-preprocess,12e14eb,complete,4.0
2026-09-02T22:32:50+00:00,nb01_preprocess,arifshekh/fd-nb01-preprocess,12e14eb,complete,7.0
2026-09-02T22:57:21+00:00,nb02_e1,arifshekh/fd-nb02-e1,7bdcc97,complete,22.4
2026-09-03T01:25:40+00:00,nb02_e1,arifshekh/fd-nb02-e1,b3134e2,complete,146.0
2026-09-03T02:13:30+00:00,nb03_e2,arifshekh/fd-nb03-e2,40fd91c,error,45.4
2026-09-03T03:54:45+00:00,nb03_e2,arifshekh/fd-nb03-e2,729b89f,complete,92.2
2026-09-03T04:51:33+00:00,nb04_e3,arifshekh/fd-nb04-e3,c24f910,error,48.8
2026-09-03T05:46:18+00:00,nb05_e5,arifshekh/fd-nb05-e5,c24f910,error,0.9
2026-09-03T06:15:53+00:00,nb05_e5,arifshekh/fd-nb05-e5,39fa92b,complete,26.9
2026-09-03T06:20:53+00:00,nb05_e5,arifshekh/fd-nb05-e5,39fa92b,error,1.6
2026-09-03T08:23:19+00:00,nb05_e5,arifshekh/fd-nb05-e5,5a26602,complete,119.6
2026-09-03T08:31:59+00:00,nb06_export,arifshekh/fd-nb06-export,6bc6d04,complete,4.0
2026-09-03T08:44:39+00:00,nb06_export,arifshekh/fd-nb06-export,d2abbd9,complete,6.2
2026-09-05T12:40:27+00:00,nb07_final,arifshekh/fd-nb07-final,711ea68,complete,49.2
