model,fold,n_train,n_test,train_subjects,test_subjects,seconds,signature,macro_f1_3class,bin_sensitivity,bin_specificity,bin_precision,bin_f1,bin_tp,bin_fp,bin_tn,bin_fn,bin_auc,bin_auprc,bkg_recall,bkg_precision,bkg_f1,bkg_support,alert_recall,alert_precision,alert_f1,alert_support,fall_recall,fall_precision,fall_f1,fall_support,protocol,dataset,task,params,lo,hi,train_subsampled_to,best_val_macro_f1
smv_threshold,fold0,50459,11836,26,6,1.0,2574e6104c95,0.3316588124992986,0.7714044706874736,0.906391970417327,0.6736648250460405,0.7192292567833268,1829,886,8579,542,0.8804682081401366,0.7527966389004023,0.9379820390913893,0.9314867275207218,0.9347230995999158,9465,0.14285714285714285,0.03817787418655098,0.060253337897980146,616,0.0,0.0,0.0,1755,grouped5,kfall,preimpact,2,0.1,3.0000000000000013,,
smv_threshold,fold1,50480,11815,26,6,1.1,2574e6104c95,0.327223472622832,0.7515299877600979,0.9114694574967962,0.6896293523025084,0.7192502928543538,1842,829,8535,609,0.8774896340769469,0.6899457316442285,0.9408372490388722,0.9151345175028566,0.9278079090095308,9364,0.11987381703470032,0.03473491773308958,0.05386250885896526,634,0.0,0.0,0.0,1817,grouped5,kfall,preimpact,2,0.1,3.1000000000000014,,
smv_threshold,fold2,48872,13423,25,7,1.1,2574e6104c95,0.32492536361204755,0.762214983713355,0.8892120075046904,0.6407058107696988,0.696198347107438,2106,1181,9479,657,0.8752021655771556,0.7624673853879163,0.9283302063789869,0.9191900427271038,0.9237375151684869,10660,0.12061711079943899,0.0323673315769665,0.05103857566765578,713,0.0,0.0,0.0,2050,grouped5,kfall,preimpact,2,0.1,3.0000000000000013,,
smv_threshold,fold3,48902,13393,25,7,1.0,2574e6104c95,0.32602191697210214,0.6795502459592411,0.9253816251066654,0.7107680999632489,0.6948086940901742,1934,787,9760,912,0.8662603248145153,0.6959857758046019,0.9588508580639045,0.8871830862356347,0.9216258088034265,10547,0.1012987012987013,0.03911735205616851,0.05643994211287989,770,0.0,0.0,0.0,2076,grouped5,kfall,preimpact,2,0.1,3.2000000000000015,,
smv_threshold,fold4,50467,11828,26,6,1.0,2574e6104c95,0.3212094665277107,0.7193205944798301,0.9245223266124776,0.7031963470319634,0.7111670864819479,1694,715,8758,661,0.872885503396288,0.7005794193702625,0.9502797424258419,0.9116872594693134,0.930583553005634,9473,0.07142857142857142,0.021494370522006142,0.03304484657749803,588,0.0,0.0,0.0,1767,grouped5,kfall,preimpact,2,0.1,3.1000000000000014,,
svm,fold0,50459,11836,26,6,26.3,2574e6104c95,0.9121154057500943,0.9409531843104175,0.9843634442683571,0.9377889869693148,0.9393684210526316,2231,148,9317,140,0.9956379950284107,0.986397511285596,0.9846804014791336,0.984992601986895,0.9848364769905426,9465,0.7613636363636364,0.7701149425287356,0.7657142857142857,616,0.9886039886039886,0.9830028328611898,0.9857954545454546,1755,grouped5,kfall,preimpact,0,,,20000,
svm,fold1,50480,11815,26,6,26.2,2574e6104c95,0.9121222059140744,0.937984496124031,0.9838744126441692,0.9383673469387755,0.9381758824729647,2299,151,9213,152,0.9961489970617612,0.9876829823544994,0.9838744126441692,0.9835593039393616,0.9837168330574982,9364,0.7381703470031545,0.8082901554404145,0.7716405605935696,634,0.9950467804072647,0.9673622257891921,0.9810092240911557,1817,grouped5,kfall,preimpact,0,,,20000,
svm,fold2,48872,13423,25,7,29.1,2574e6104c95,0.9110855840017851,0.9377488237423091,0.9862101313320826,0.9463111760409058,0.9420105435375387,2591,147,10513,172,0.9954638111903545,0.986073703892025,0.9862101313320826,0.9834424695977549,0.9848243559718971,10660,0.729312762973352,0.8062015503875969,0.7658321060382917,713,0.9917073170731707,0.9736590038314177,0.9826002899951668,2050,grouped5,kfall,preimpact,0,,,20000,
svm,fold3,48902,13393,25,7,25.0,2574e6104c95,0.9124580181175915,0.9209416725228391,0.9906134445813976,0.9636029411764706,0.9417894358605822,2621,99,10448,225,0.9953183491277307,0.9865907043423038,0.9906134445813976,0.9784603858400449,0.9844994110718492,10547,0.7038961038961039,0.8416149068322981,0.7666195190947666,770,0.9850674373795761,0.987445678416224,0.9862551241861586,2076,grouped5,kfall,preimpact,0,,,20000,
svm,fold4,50467,11828,26,6,25.5,2574e6104c95,0.9222271816013481,0.9384288747346072,0.9888103029663253,0.9542314335060449,0.9462641832584029,2210,106,9367,145,0.9968035424403204,0.9886712290995827,0.9889158661458883,0.9845507094062007,0.9867284600800506,9473,0.7772108843537415,0.8189964157706093,0.7975567190226877,588,0.9790605546123373,0.9857549857549858,0.9823963657013061,1767,grouped5,kfall,preimpact,0,,,20000,
random_forest,fold0,50459,11836,26,6,44.8,2574e6104c95,0.9304620500263817,0.9329396878954028,0.9939778129952457,0.9748788012340238,0.953448275862069,2212,57,9408,159,0.9974755715021913,0.9920544536386185,0.9942947702060222,0.9830774052021309,0.9886542704065553,9465,0.7353896103896104,0.906,0.8118279569892474,616,0.9931623931623932,0.9886557005104935,0.9909039226833428,1755,grouped5,kfall,preimpact,446002,,,,
random_forest,fold1,50480,11815,26,6,43.8,2574e6104c95,0.9149526598800574,0.9228886168910648,0.9914566424604869,0.9658411614005123,0.943876486542875,2262,80,9284,189,0.996826871177427,0.9901648319076173,0.9925245621529261,0.9798629414865577,0.9861531115709056,9364,0.6735015772870663,0.9065817409766455,0.7728506787330318,634,0.9972482113373693,0.9747175901022055,0.9858541893362351,1817,grouped5,kfall,preimpact,448494,,,,
random_forest,fold2,48872,13423,25,7,41.5,2574e6104c95,0.9163909439081067,0.9207383279044516,0.9942776735459662,0.9765834932821497,0.9478390461997019,2544,61,10599,219,0.9963139285614855,0.9887924705267405,0.9944652908067543,0.9792167005357473,0.986782090663688,10660,0.667601683029453,0.9296875,0.7771428571428571,713,0.9936585365853658,0.9769784172661871,0.9852478839177751,2050,grouped5,kfall,preimpact,427032,,,,
random_forest,fold3,48902,13393,25,7,41.9,2574e6104c95,0.9159191455114065,0.9111033028812369,0.9948800606807623,0.9795995466565923,0.944110686328054,2593,54,10493,253,0.9960378804349382,0.9886723818040775,0.9949748743718593,0.9759136985027435,0.9853521126760563,10547,0.6766233766233766,0.9060869565217391,0.774721189591078,770,0.9850674373795761,0.9903147699757869,0.9876841342670852,2076,grouped5,kfall,preimpact,417424,,,,
random_forest,fold4,50467,11828,26,6,44.1,2574e6104c95,0.9228875247100903,0.9222929936305733,0.9950385305605405,0.9788192879675529,0.9497157848710102,2172,47,9426,183,0.9970438499586377,0.9906541180294913,0.9952496569196664,0.9807552272963695,0.9879492821963742,9473,0.7040816326530612,0.9059080962800875,0.7923444976076556,588,0.9858517260894171,0.9908987485779295,0.9883687943262411,1767,grouped5,kfall,preimpact,451336,,,,
cnn_1d,fold0,50459,11836,26,6,192.2,2574e6104c95,0.9249997701703897,0.9396878954027836,0.987216059165346,0.9484887186036611,0.9440677966101694,2228,121,9344,143,0.9944537166942606,0.9833356625029056,0.987216059165346,0.9849267418572784,0.9860700717602363,9465,0.8084415584415584,0.8163934426229508,0.8123980424143556,616,0.972079772079772,0.9810235767682576,0.976531196336577,1755,grouped5,kfall,preimpact,102211,,,,0.9081
cnn_1d,fold1,50480,11815,26,6,131.6,2574e6104c95,0.9161717691225572,0.9457364341085271,0.9822725331055104,0.9331723027375202,0.9394123606889564,2318,166,9198,133,0.9946603579670295,0.9858550883389336,0.9822725331055104,0.9857464366091523,0.9840064188285639,9364,0.807570977917981,0.7619047619047619,0.784073506891271,634,0.9790864061640066,0.9817880794701986,0.9804353816478367,1817,grouped5,kfall,preimpact,102211,,,,0.9145
cnn_1d,fold2,48872,13423,25,7,144.2,2574e6104c95,0.8996393758219993,0.9373868982989504,0.9796435272045028,0.9226932668329177,0.9299820466786355,2590,217,10443,173,0.9940907692715114,0.9814975776518469,0.9796435272045028,0.9837038432554635,0.9816694867456289,10660,0.7489481065918654,0.7355371900826446,0.7421820708825574,713,0.9824390243902439,0.9678039404132629,0.9750665698378118,2050,grouped5,kfall,preimpact,102211,,,,0.9153
cnn_1d,fold3,48902,13393,25,7,138.1,2574e6104c95,0.914995830856644,0.9202389318341532,0.9888119844505546,0.9568871026671538,0.9382052659860289,2619,118,10429,227,0.9929702444254312,0.9818353236240532,0.9888119844505546,0.9786974474474475,0.9837287176342971,10547,0.7285714285714285,0.85,0.7846153846153846,770,0.976878612716763,0.9764082811747713,0.9766433903202504,2076,grouped5,kfall,preimpact,102211,,,,0.9144
cnn_1d,fold4,50467,11828,26,6,139.7,2574e6104c95,0.9126010970162236,0.9388535031847134,0.9845877757838066,0.93805685193042,0.9384550084889643,2211,146,9327,144,0.9947253822070684,0.9857828568375153,0.9845877757838066,0.9847956921127653,0.9846917229729731,9473,0.7704081632653061,0.7810344827586206,0.7756849315068493,588,0.980192416525184,0.9746764209341587,0.9774266365688489,1767,grouped5,kfall,preimpact,102211,,,,0.9103
cnn_lstm,fold0,50459,11836,26,6,135.8,2574e6104c95,0.8837044292893311,0.9671024884015184,0.9559429477020602,0.8461254612546125,0.9025782326313717,2293,417,9048,78,0.9940625220712594,0.983398392823608,0.9559429477020602,0.9914529914529915,0.9733742133290302,9465,0.9025974025974026,0.578563995837669,0.7051363348129358,616,0.9709401709401709,0.9742710120068611,0.9726027397260274,1755,grouped5,kfall,preimpact,47811,,,,0.8923
cnn_lstm,fold1,50480,11815,26,6,221.5,2574e6104c95,0.9132019472191059,0.9620563035495716,0.9756514310123878,0.9118329466357309,0.9362715902322812,2358,228,9136,93,0.9960471503754668,0.9889941438452127,0.9756514310123878,0.989923068588146,0.98273543806809,9364,0.8422712933753943,0.7235772357723578,0.7784256559766763,634,0.9867914144193726,0.9702380952380952,0.9784447476125512,1817,grouped5,kfall,preimpact,47811,,,,0.9307
cnn_lstm,fold2,48872,13423,25,7,182.3,2574e6104c95,0.9031013744562205,0.9630836047774158,0.9685741088180112,0.8881842456608812,0.9241187706198992,2661,335,10325,102,0.9954789027344045,0.9864978776952847,0.9685741088180112,0.9902177040375947,0.9792763313890074,10660,0.8611500701262272,0.6747252747252748,0.7566235366605054,713,0.9819512195121951,0.9650047938638543,0.973404255319149,2050,grouped5,kfall,preimpact,47811,,,,0.9258
cnn_lstm,fold3,48902,13393,25,7,232.0,2574e6104c95,0.9156720599490917,0.9385101897399859,0.984071299895705,0.9408242338851708,0.9396657871591907,2671,168,10379,175,0.9919856778689187,0.9821837486834747,0.984071299895705,0.983418609058177,0.9837448462158193,10547,0.787012987012987,0.7839586028460543,0.7854828256642905,770,0.9754335260115607,0.9801548886737658,0.9777885079671655,2076,grouped5,kfall,preimpact,47811,,,,0.9172
cnn_lstm,fold4,50467,11828,26,6,275.0,2574e6104c95,0.9212229856029119,0.9592356687898089,0.9812097540377916,0.9269593762823143,0.9428213689482471,2259,178,9295,96,0.9956728957907635,0.9889712062821998,0.9812097540377916,0.9897774464913215,0.9854749787955895,9473,0.8571428571428571,0.7455621301775148,0.7974683544303799,588,0.9790605546123373,0.9823963657013061,0.9807256235827665,1767,grouped5,kfall,preimpact,47811,,,,0.9145
proposed,fold0,50459,11836,26,6,124.4,2574e6104c95,0.8727134049915385,0.948544917756221,0.9534072900158479,0.8360594795539034,0.8887571626160838,2249,441,9024,122,0.9916416516442852,0.9744840955283642,0.9534072900158479,0.9866608353378526,0.9697490731287949,9465,0.862012987012987,0.5765472312703583,0.6909564085881588,616,0.9612535612535612,0.9536461277557943,0.9574347332576617,1755,grouped5,kfall,preimpact,7947,,,,0.8685
proposed,fold1,50480,11815,26,6,137.0,2574e6104c95,0.8869347584163044,0.9277845777233782,0.9704186245194362,0.8914151313210505,0.9092363054778089,2274,277,9087,177,0.9918561211100231,0.9750945543252629,0.9704186245194362,0.9808937823834197,0.9756280867511273,9364,0.777602523659306,0.681881051175657,0.7266028002947679,634,0.96147495872317,0.9556892778993435,0.9585733882030177,1817,grouped5,kfall,preimpact,7947,,,,0.8898
proposed,fold2,48872,13423,25,7,102.2,2574e6104c95,0.8765054676693608,0.9457111834961998,0.9559099437148217,0.8475510866039572,0.8939445774888813,2613,470,10190,150,0.9901852847769269,0.9724780448794015,0.9559099437148217,0.9854932301740812,0.9704761904761904,10660,0.8036465638148668,0.6345514950166113,0.7091584158415842,713,0.98,0.921559633027523,0.9498817966903073,2050,grouped5,kfall,preimpact,7947,,,,0.8777
proposed,fold3,48902,13393,25,7,62.0,2574e6104c95,0.8673805013343802,0.9149683766690091,0.9592301128282924,0.8582729070533949,0.8857142857142857,2604,430,10117,242,0.9880484777138854,0.9654026216036561,0.9594197402104864,0.976360478579699,0.9678159820190331,10547,0.7701298701298701,0.6328708644610459,0.6947861745752781,770,0.9431599229287091,0.9359464627151052,0.9395393474088292,2076,grouped5,kfall,preimpact,7947,,,,0.8646
proposed,fold4,50467,11828,26,6,111.5,2574e6104c95,0.8666425500771952,0.9435244161358811,0.9573524754565608,0.8461538461538461,0.8921903232282675,2222,404,9069,133,0.9895722181020458,0.9708180450859256,0.9573524754565608,0.9854395305878518,0.9711929749411009,9473,0.8214285714285714,0.579136690647482,0.6793248945147679,588,0.9558573853989814,0.9430485762144054,0.9494097807757168,1767,grouped5,kfall,preimpact,7947,,,,0.8768
